{
  "Routes": [
    {
      "DownstreamPathTemplate": "/api/product",
      "DownstreamScheme": "http",
      "DownstreamHostandPorts": [
        //  <-------------Local Host details ------------>  
        {
          "Host": "localhost",
          "Port": "5001"
        }
             ],
      "UpstreamPathTemplate": "/api/product",
      "UpstreamHttpMethod": [ "Get", "Post", "Put", "Delete" ]
    },

    {
      "DownstreamPathTemplate": "/api/payment",
      "DownstreamScheme": "http",
      "DownstreamHostandPorts": [
         {
          "Host": "localhost",
          "Port": "5002"
        }


      ],
      "UpstreamPathTemplate": "/api/payment",
      "UpstreamHttpMethod": [ "Get", "Post", "Put", "Delete" ]
    }
  ],
   "GlobalConfiguration": {
    "RequestIdKey": "OcRequestId",
    "AdministrationPath" : "administration"
   
  }
}